<?xml version="1.0" encoding="UTF-8"?>
<project-private xmlns="http://www.netbeans.org/ns/project-private/1">
    <editor-bookmarks xmlns="http://www.netbeans.org/ns/editor-bookmarks/2" lastBookmarkId="0"/>
    <open-files xmlns="http://www.netbeans.org/ns/projectui-open-files/2">
        <group>
            <file>file:/H:/workplace/Language/Java_with_netbeans/University%20Course%20Management%20System/src/university/course/management/system/AddTeacher.java</file>
            <file>file:/H:/workplace/Language/Java_with_netbeans/University%20Course%20Management%20System/src/university/course/management/system/AddStudent.java</file>
            <file>file:/H:/workplace/Language/Java_with_netbeans/University%20Course%20Management%20System/src/university/course/management/system/StudentFeeForm.java</file>
            <file>file:/H:/workplace/Language/Java_with_netbeans/University%20Course%20Management%20System/src/university/course/management/system/Splash.java</file>
            <file>file:/H:/workplace/Language/Java_with_netbeans/University%20Course%20Management%20System/src/university/course/management/system/Project.java</file>
            <file>file:/H:/workplace/Language/Java_with_netbeans/University%20Course%20Management%20System/src/university/course/management/system/ExaminationDetails.java</file>
            <file>file:/H:/workplace/Language/Java_with_netbeans/University%20Course%20Management%20System/src/university/course/management/system/Login.java</file>
            <file>file:/H:/workplace/Language/Java_with_netbeans/University%20Course%20Management%20System/src/university/course/management/system/UpdateStudent.java</file>
        </group>
    </open-files>
</project-private>
